{"cameraMode":{"drawMode":0,"name":"Shaded","section":"Shading Mode"},"sceneLighting":true,"audioPlay":false,"sceneViewState":{"m_AlwaysRefresh":false,"showFog":true,"showSkybox":true,"showFlares":true,"showImageEffects":true,"showParticleSystems":false,"showVisualEffectGraphs":true,"m_FxEnabled":true},"in2DMode":false,"pivot":{"x":22.150514602661134,"y":3.599490165710449,"z":23.37935447692871},"rotation":{"x":0.002766399411484599,"y":-0.9717722535133362,"z":0.2356450855731964,"w":0.01141022052615881},"size":13.137065887451172,"orthographic":true}